{"cameraMode":{"drawMode":0,"name":"Shaded","section":"Shading Mode"},"sceneLighting":true,"audioPlay":false,"sceneViewState":{"showFog":true,"showMaterialUpdate":false,"showSkybox":true,"showFlares":true,"showImageEffects":true,"showParticleSystems":true},"in2DMode":false,"pivot":{"x":228.5369110107422,"y":120.48175048828125,"z":-53.4844970703125},"rotation":{"x":-0.007379711139947176,"y":0.9794284105300903,"z":0.03644246608018875,"w":0.19833692908287049},"size":233.34524536132813,"orthographic":false}